"Plant_ID","Genotype","Shape_Genotype","Color_Genotype","Phenotype","Shape_Phenotype","Color_Phenotype","Generation","Cross_Type","Parent_Cross"
"Plant_001","RrYY","Rr","YY","Round Yellow","Round","Yellow","F2","Dihybrid","RrYy × RrYy"
"Plant_002","RrYy","Rr","Yy","Round Yellow","Round","Yellow","F2","Dihybrid","RrYy × RrYy"
"Plant_003","Rryy","Rr","yy","Round Green","Round","Green","F2","Dihybrid","RrYy × RrYy"
"Plant_004","Rryy","Rr","yy","Round Green","Round","Green","F2","Dihybrid","RrYy × RrYy"
"Plant_005","RRyy","RR","yy","Round Green","Round","Green","F2","Dihybrid","RrYy × RrYy"
"Plant_006","RRYy","RR","Yy","Round Yellow","Round","Yellow","F2","Dihybrid","RrYy × RrYy"
"Plant_007","RrYY","Rr","YY","Round Yellow","Round","Yellow","F2","Dihybrid","RrYy × RrYy"
"Plant_008","rrYy","rr","Yy","Wrinkled Yellow","Wrinkled","Yellow","F2","Dihybrid","RrYy × RrYy"
"Plant_009","RRYy","RR","Yy","Round Yellow","Round","Yellow","F2","Dihybrid","RrYy × RrYy"
"Plant_010","rrYY","rr","YY","Wrinkled Yellow","Wrinkled","Yellow","F2","Dihybrid","RrYy × RrYy"
"Plant_011","RRYY","RR","YY","Round Yellow","Round","Yellow","F2","Dihybrid","RrYy × RrYy"
"Plant_012","Rryy","Rr","yy","Round Green","Round","Green","F2","Dihybrid","RrYy × RrYy"
"Plant_013","RRYy","RR","Yy","Round Yellow","Round","Yellow","F2","Dihybrid","RrYy × RrYy"
"Plant_014","RrYY","Rr","YY","Round Yellow","Round","Yellow","F2","Dihybrid","RrYy × RrYy"
"Plant_015","rryy","rr","yy","Wrinkled Green","Wrinkled","Green","F2","Dihybrid","RrYy × RrYy"
"Plant_016","RrYy","Rr","Yy","Round Yellow","Round","Yellow","F2","Dihybrid","RrYy × RrYy"
"Plant_017","rryy","rr","yy","Wrinkled Green","Wrinkled","Green","F2","Dihybrid","RrYy × RrYy"
"Plant_018","Rryy","Rr","yy","Round Green","Round","Green","F2","Dihybrid","RrYy × RrYy"
"Plant_019","RRYy","RR","Yy","Round Yellow","Round","Yellow","F2","Dihybrid","RrYy × RrYy"
"Plant_020","RrYy","Rr","Yy","Round Yellow","Round","Yellow","F2","Dihybrid","RrYy × RrYy"
"Plant_021","RrYY","Rr","YY","Round Yellow","Round","Yellow","F2","Dihybrid","RrYy × RrYy"
"Plant_022","rrYY","rr","YY","Wrinkled Yellow","Wrinkled","Yellow","F2","Dihybrid","RrYy × RrYy"
"Plant_023","RRYY","RR","YY","Round Yellow","Round","Yellow","F2","Dihybrid","RrYy × RrYy"
"Plant_024","RrYY","Rr","YY","Round Yellow","Round","Yellow","F2","Dihybrid","RrYy × RrYy"
"Plant_025","RRYy","RR","Yy","Round Yellow","Round","Yellow","F2","Dihybrid","RrYy × RrYy"
"Plant_026","rryy","rr","yy","Wrinkled Green","Wrinkled","Green","F2","Dihybrid","RrYy × RrYy"
"Plant_027","RRYy","RR","Yy","Round Yellow","Round","Yellow","F2","Dihybrid","RrYy × RrYy"
"Plant_028","Rryy","Rr","yy","Round Green","Round","Green","F2","Dihybrid","RrYy × RrYy"
"Plant_029","Rryy","Rr","yy","Round Green","Round","Green","F2","Dihybrid","RrYy × RrYy"
"Plant_030","RrYY","Rr","YY","Round Yellow","Round","Yellow","F2","Dihybrid","RrYy × RrYy"
"Plant_031","rrYy","rr","Yy","Wrinkled Yellow","Wrinkled","Yellow","F2","Dihybrid","RrYy × RrYy"
"Plant_032","RRyy","RR","yy","Round Green","Round","Green","F2","Dihybrid","RrYy × RrYy"
"Plant_033","RrYy","Rr","Yy","Round Yellow","Round","Yellow","F2","Dihybrid","RrYy × RrYy"
"Plant_034","rrYY","rr","YY","Wrinkled Yellow","Wrinkled","Yellow","F2","Dihybrid","RrYy × RrYy"
"Plant_035","rrYy","rr","Yy","Wrinkled Yellow","Wrinkled","Yellow","F2","Dihybrid","RrYy × RrYy"
"Plant_036","RrYy","Rr","Yy","Round Yellow","Round","Yellow","F2","Dihybrid","RrYy × RrYy"
"Plant_037","RRYy","RR","Yy","Round Yellow","Round","Yellow","F2","Dihybrid","RrYy × RrYy"
"Plant_038","rryy","rr","yy","Wrinkled Green","Wrinkled","Green","F2","Dihybrid","RrYy × RrYy"
"Plant_039","Rryy","Rr","yy","Round Green","Round","Green","F2","Dihybrid","RrYy × RrYy"
"Plant_040","rrYY","rr","YY","Wrinkled Yellow","Wrinkled","Yellow","F2","Dihybrid","RrYy × RrYy"
"Plant_041","RrYy","Rr","Yy","Round Yellow","Round","Yellow","F2","Dihybrid","RrYy × RrYy"
"Plant_042","RRYy","RR","Yy","Round Yellow","Round","Yellow","F2","Dihybrid","RrYy × RrYy"
"Plant_043","RrYy","Rr","Yy","Round Yellow","Round","Yellow","F2","Dihybrid","RrYy × RrYy"
"Plant_044","RRyy","RR","yy","Round Green","Round","Green","F2","Dihybrid","RrYy × RrYy"
"Plant_045","RrYy","Rr","Yy","Round Yellow","Round","Yellow","F2","Dihybrid","RrYy × RrYy"
"Plant_046","RrYY","Rr","YY","Round Yellow","Round","Yellow","F2","Dihybrid","RrYy × RrYy"
"Plant_047","RrYy","Rr","Yy","Round Yellow","Round","Yellow","F2","Dihybrid","RrYy × RrYy"
"Plant_048","RRYy","RR","Yy","Round Yellow","Round","Yellow","F2","Dihybrid","RrYy × RrYy"
"Plant_049","RrYy","Rr","Yy","Round Yellow","Round","Yellow","F2","Dihybrid","RrYy × RrYy"
"Plant_050","RrYy","Rr","Yy","Round Yellow","Round","Yellow","F2","Dihybrid","RrYy × RrYy"
"Plant_051","RRYy","RR","Yy","Round Yellow","Round","Yellow","F2","Dihybrid","RrYy × RrYy"
"Plant_052","rrYY","rr","YY","Wrinkled Yellow","Wrinkled","Yellow","F2","Dihybrid","RrYy × RrYy"
"Plant_053","RrYy","Rr","Yy","Round Yellow","Round","Yellow","F2","Dihybrid","RrYy × RrYy"
"Plant_054","rrYy","rr","Yy","Wrinkled Yellow","Wrinkled","Yellow","F2","Dihybrid","RrYy × RrYy"
"Plant_055","Rryy","Rr","yy","Round Green","Round","Green","F2","Dihybrid","RrYy × RrYy"
"Plant_056","RrYY","Rr","YY","Round Yellow","Round","Yellow","F2","Dihybrid","RrYy × RrYy"
"Plant_057","rryy","rr","yy","Wrinkled Green","Wrinkled","Green","F2","Dihybrid","RrYy × RrYy"
"Plant_058","RRYy","RR","Yy","Round Yellow","Round","Yellow","F2","Dihybrid","RrYy × RrYy"
"Plant_059","RrYy","Rr","Yy","Round Yellow","Round","Yellow","F2","Dihybrid","RrYy × RrYy"
"Plant_060","RrYy","Rr","Yy","Round Yellow","Round","Yellow","F2","Dihybrid","RrYy × RrYy"
"Plant_061","RrYy","Rr","Yy","Round Yellow","Round","Yellow","F2","Dihybrid","RrYy × RrYy"
"Plant_062","RRyy","RR","yy","Round Green","Round","Green","F2","Dihybrid","RrYy × RrYy"
"Plant_063","RRYy","RR","Yy","Round Yellow","Round","Yellow","F2","Dihybrid","RrYy × RrYy"
"Plant_064","rrYY","rr","YY","Wrinkled Yellow","Wrinkled","Yellow","F2","Dihybrid","RrYy × RrYy"
"Plant_065","RRYy","RR","Yy","Round Yellow","Round","Yellow","F2","Dihybrid","RrYy × RrYy"
"Plant_066","Rryy","Rr","yy","Round Green","Round","Green","F2","Dihybrid","RrYy × RrYy"
"Plant_067","RrYY","Rr","YY","Round Yellow","Round","Yellow","F2","Dihybrid","RrYy × RrYy"
"Plant_068","rryy","rr","yy","Wrinkled Green","Wrinkled","Green","F2","Dihybrid","RrYy × RrYy"
"Plant_069","rrYY","rr","YY","Wrinkled Yellow","Wrinkled","Yellow","F2","Dihybrid","RrYy × RrYy"
"Plant_070","RrYy","Rr","Yy","Round Yellow","Round","Yellow","F2","Dihybrid","RrYy × RrYy"
"Plant_071","RRYY","RR","YY","Round Yellow","Round","Yellow","F2","Dihybrid","RrYy × RrYy"
"Plant_072","rrYy","rr","Yy","Wrinkled Yellow","Wrinkled","Yellow","F2","Dihybrid","RrYy × RrYy"
"Plant_073","RRYY","RR","YY","Round Yellow","Round","Yellow","F2","Dihybrid","RrYy × RrYy"
"Plant_074","RRYy","RR","Yy","Round Yellow","Round","Yellow","F2","Dihybrid","RrYy × RrYy"
"Plant_075","RrYY","Rr","YY","Round Yellow","Round","Yellow","F2","Dihybrid","RrYy × RrYy"
"Plant_076","rrYy","rr","Yy","Wrinkled Yellow","Wrinkled","Yellow","F2","Dihybrid","RrYy × RrYy"
"Plant_077","Rryy","Rr","yy","Round Green","Round","Green","F2","Dihybrid","RrYy × RrYy"
"Plant_078","RRYY","RR","YY","Round Yellow","Round","Yellow","F2","Dihybrid","RrYy × RrYy"
"Plant_079","RrYy","Rr","Yy","Round Yellow","Round","Yellow","F2","Dihybrid","RrYy × RrYy"
"Plant_080","RrYy","Rr","Yy","Round Yellow","Round","Yellow","F2","Dihybrid","RrYy × RrYy"
"Plant_081","Rryy","Rr","yy","Round Green","Round","Green","F2","Dihybrid","RrYy × RrYy"
"Plant_082","Rryy","Rr","yy","Round Green","Round","Green","F2","Dihybrid","RrYy × RrYy"
"Plant_083","rryy","rr","yy","Wrinkled Green","Wrinkled","Green","F2","Dihybrid","RrYy × RrYy"
"Plant_084","rrYY","rr","YY","Wrinkled Yellow","Wrinkled","Yellow","F2","Dihybrid","RrYy × RrYy"
"Plant_085","rrYY","rr","YY","Wrinkled Yellow","Wrinkled","Yellow","F2","Dihybrid","RrYy × RrYy"
"Plant_086","rrYy","rr","Yy","Wrinkled Yellow","Wrinkled","Yellow","F2","Dihybrid","RrYy × RrYy"
"Plant_087","Rryy","Rr","yy","Round Green","Round","Green","F2","Dihybrid","RrYy × RrYy"
"Plant_088","RRYy","RR","Yy","Round Yellow","Round","Yellow","F2","Dihybrid","RrYy × RrYy"
"Plant_089","RRyy","RR","yy","Round Green","Round","Green","F2","Dihybrid","RrYy × RrYy"
"Plant_090","rryy","rr","yy","Wrinkled Green","Wrinkled","Green","F2","Dihybrid","RrYy × RrYy"
"Plant_091","RRYY","RR","YY","Round Yellow","Round","Yellow","F2","Dihybrid","RrYy × RrYy"
"Plant_092","RRYy","RR","Yy","Round Yellow","Round","Yellow","F2","Dihybrid","RrYy × RrYy"
"Plant_093","RRyy","RR","yy","Round Green","Round","Green","F2","Dihybrid","RrYy × RrYy"
"Plant_094","RRYy","RR","Yy","Round Yellow","Round","Yellow","F2","Dihybrid","RrYy × RrYy"
"Plant_095","RRYy","RR","Yy","Round Yellow","Round","Yellow","F2","Dihybrid","RrYy × RrYy"
"Plant_096","rryy","rr","yy","Wrinkled Green","Wrinkled","Green","F2","Dihybrid","RrYy × RrYy"
"Plant_097","Rryy","Rr","yy","Round Green","Round","Green","F2","Dihybrid","RrYy × RrYy"
"Plant_098","RrYY","Rr","YY","Round Yellow","Round","Yellow","F2","Dihybrid","RrYy × RrYy"
"Plant_099","RRYy","RR","Yy","Round Yellow","Round","Yellow","F2","Dihybrid","RrYy × RrYy"
"Plant_100","rrYY","rr","YY","Wrinkled Yellow","Wrinkled","Yellow","F2","Dihybrid","RrYy × RrYy"
"Plant_101","RrYY","Rr","YY","Round Yellow","Round","Yellow","F2","Dihybrid","RrYy × RrYy"
"Plant_102","RRYy","RR","Yy","Round Yellow","Round","Yellow","F2","Dihybrid","RrYy × RrYy"
"Plant_103","RrYy","Rr","Yy","Round Yellow","Round","Yellow","F2","Dihybrid","RrYy × RrYy"
"Plant_104","RrYy","Rr","Yy","Round Yellow","Round","Yellow","F2","Dihybrid","RrYy × RrYy"
"Plant_105","Rryy","Rr","yy","Round Green","Round","Green","F2","Dihybrid","RrYy × RrYy"
"Plant_106","RrYY","Rr","YY","Round Yellow","Round","Yellow","F2","Dihybrid","RrYy × RrYy"
"Plant_107","RrYY","Rr","YY","Round Yellow","Round","Yellow","F2","Dihybrid","RrYy × RrYy"
"Plant_108","RrYY","Rr","YY","Round Yellow","Round","Yellow","F2","Dihybrid","RrYy × RrYy"
"Plant_109","rrYY","rr","YY","Wrinkled Yellow","Wrinkled","Yellow","F2","Dihybrid","RrYy × RrYy"
"Plant_110","rryy","rr","yy","Wrinkled Green","Wrinkled","Green","F2","Dihybrid","RrYy × RrYy"
"Plant_111","RRYy","RR","Yy","Round Yellow","Round","Yellow","F2","Dihybrid","RrYy × RrYy"
"Plant_112","Rryy","Rr","yy","Round Green","Round","Green","F2","Dihybrid","RrYy × RrYy"
"Plant_113","RRyy","RR","yy","Round Green","Round","Green","F2","Dihybrid","RrYy × RrYy"
"Plant_114","RrYy","Rr","Yy","Round Yellow","Round","Yellow","F2","Dihybrid","RrYy × RrYy"
"Plant_115","rrYY","rr","YY","Wrinkled Yellow","Wrinkled","Yellow","F2","Dihybrid","RrYy × RrYy"
"Plant_116","rryy","rr","yy","Wrinkled Green","Wrinkled","Green","F2","Dihybrid","RrYy × RrYy"
"Plant_117","RrYy","Rr","Yy","Round Yellow","Round","Yellow","F2","Dihybrid","RrYy × RrYy"
"Plant_118","Rryy","Rr","yy","Round Green","Round","Green","F2","Dihybrid","RrYy × RrYy"
"Plant_119","Rryy","Rr","yy","Round Green","Round","Green","F2","Dihybrid","RrYy × RrYy"
"Plant_120","rrYy","rr","Yy","Wrinkled Yellow","Wrinkled","Yellow","F2","Dihybrid","RrYy × RrYy"
"Plant_121","RrYy","Rr","Yy","Round Yellow","Round","Yellow","F2","Dihybrid","RrYy × RrYy"
"Plant_122","RrYY","Rr","YY","Round Yellow","Round","Yellow","F2","Dihybrid","RrYy × RrYy"
"Plant_123","Rryy","Rr","yy","Round Green","Round","Green","F2","Dihybrid","RrYy × RrYy"
"Plant_124","RrYy","Rr","Yy","Round Yellow","Round","Yellow","F2","Dihybrid","RrYy × RrYy"
"Plant_125","RrYy","Rr","Yy","Round Yellow","Round","Yellow","F2","Dihybrid","RrYy × RrYy"
"Plant_126","RrYy","Rr","Yy","Round Yellow","Round","Yellow","F2","Dihybrid","RrYy × RrYy"
"Plant_127","Rryy","Rr","yy","Round Green","Round","Green","F2","Dihybrid","RrYy × RrYy"
"Plant_128","RrYy","Rr","Yy","Round Yellow","Round","Yellow","F2","Dihybrid","RrYy × RrYy"
"Plant_129","rryy","rr","yy","Wrinkled Green","Wrinkled","Green","F2","Dihybrid","RrYy × RrYy"
"Plant_130","RrYY","Rr","YY","Round Yellow","Round","Yellow","F2","Dihybrid","RrYy × RrYy"
"Plant_131","rryy","rr","yy","Wrinkled Green","Wrinkled","Green","F2","Dihybrid","RrYy × RrYy"
"Plant_132","RrYy","Rr","Yy","Round Yellow","Round","Yellow","F2","Dihybrid","RrYy × RrYy"
"Plant_133","Rryy","Rr","yy","Round Green","Round","Green","F2","Dihybrid","RrYy × RrYy"
"Plant_134","RRYY","RR","YY","Round Yellow","Round","Yellow","F2","Dihybrid","RrYy × RrYy"
"Plant_135","RrYy","Rr","Yy","Round Yellow","Round","Yellow","F2","Dihybrid","RrYy × RrYy"
"Plant_136","RrYy","Rr","Yy","Round Yellow","Round","Yellow","F2","Dihybrid","RrYy × RrYy"
"Plant_137","RRyy","RR","yy","Round Green","Round","Green","F2","Dihybrid","RrYy × RrYy"
"Plant_138","RrYy","Rr","Yy","Round Yellow","Round","Yellow","F2","Dihybrid","RrYy × RrYy"
"Plant_139","RrYy","Rr","Yy","Round Yellow","Round","Yellow","F2","Dihybrid","RrYy × RrYy"
"Plant_140","RRYy","RR","Yy","Round Yellow","Round","Yellow","F2","Dihybrid","RrYy × RrYy"
"Plant_141","rrYy","rr","Yy","Wrinkled Yellow","Wrinkled","Yellow","F2","Dihybrid","RrYy × RrYy"
"Plant_142","RRYy","RR","Yy","Round Yellow","Round","Yellow","F2","Dihybrid","RrYy × RrYy"
"Plant_143","rrYy","rr","Yy","Wrinkled Yellow","Wrinkled","Yellow","F2","Dihybrid","RrYy × RrYy"
"Plant_144","Rryy","Rr","yy","Round Green","Round","Green","F2","Dihybrid","RrYy × RrYy"
"Plant_145","RRyy","RR","yy","Round Green","Round","Green","F2","Dihybrid","RrYy × RrYy"
"Plant_146","rrYY","rr","YY","Wrinkled Yellow","Wrinkled","Yellow","F2","Dihybrid","RrYy × RrYy"
"Plant_147","RrYy","Rr","Yy","Round Yellow","Round","Yellow","F2","Dihybrid","RrYy × RrYy"
"Plant_148","RRYY","RR","YY","Round Yellow","Round","Yellow","F2","Dihybrid","RrYy × RrYy"
"Plant_149","RrYY","Rr","YY","Round Yellow","Round","Yellow","F2","Dihybrid","RrYy × RrYy"
"Plant_150","RRYy","RR","Yy","Round Yellow","Round","Yellow","F2","Dihybrid","RrYy × RrYy"
"Plant_151","RRYy","RR","Yy","Round Yellow","Round","Yellow","F2","Dihybrid","RrYy × RrYy"
"Plant_152","Rryy","Rr","yy","Round Green","Round","Green","F2","Dihybrid","RrYy × RrYy"
"Plant_153","RRYy","RR","Yy","Round Yellow","Round","Yellow","F2","Dihybrid","RrYy × RrYy"
"Plant_154","RrYY","Rr","YY","Round Yellow","Round","Yellow","F2","Dihybrid","RrYy × RrYy"
"Plant_155","rryy","rr","yy","Wrinkled Green","Wrinkled","Green","F2","Dihybrid","RrYy × RrYy"
"Plant_156","RRYY","RR","YY","Round Yellow","Round","Yellow","F2","Dihybrid","RrYy × RrYy"
"Plant_157","RRYy","RR","Yy","Round Yellow","Round","Yellow","F2","Dihybrid","RrYy × RrYy"
"Plant_158","RRyy","RR","yy","Round Green","Round","Green","F2","Dihybrid","RrYy × RrYy"
"Plant_159","RrYy","Rr","Yy","Round Yellow","Round","Yellow","F2","Dihybrid","RrYy × RrYy"
"Plant_160","RRyy","RR","yy","Round Green","Round","Green","F2","Dihybrid","RrYy × RrYy"
"Plant_161","RrYy","Rr","Yy","Round Yellow","Round","Yellow","F2","Dihybrid","RrYy × RrYy"
"Plant_162","rryy","rr","yy","Wrinkled Green","Wrinkled","Green","F2","Dihybrid","RrYy × RrYy"
"Plant_163","Rryy","Rr","yy","Round Green","Round","Green","F2","Dihybrid","RrYy × RrYy"
"Plant_164","Rryy","Rr","yy","Round Green","Round","Green","F2","Dihybrid","RrYy × RrYy"
"Plant_165","RRYy","RR","Yy","Round Yellow","Round","Yellow","F2","Dihybrid","RrYy × RrYy"
"Plant_166","RrYy","Rr","Yy","Round Yellow","Round","Yellow","F2","Dihybrid","RrYy × RrYy"
"Plant_167","RrYy","Rr","Yy","Round Yellow","Round","Yellow","F2","Dihybrid","RrYy × RrYy"
"Plant_168","RrYY","Rr","YY","Round Yellow","Round","Yellow","F2","Dihybrid","RrYy × RrYy"
"Plant_169","rrYy","rr","Yy","Wrinkled Yellow","Wrinkled","Yellow","F2","Dihybrid","RrYy × RrYy"
"Plant_170","RRyy","RR","yy","Round Green","Round","Green","F2","Dihybrid","RrYy × RrYy"
"Plant_171","rrYy","rr","Yy","Wrinkled Yellow","Wrinkled","Yellow","F2","Dihybrid","RrYy × RrYy"
"Plant_172","RrYy","Rr","Yy","Round Yellow","Round","Yellow","F2","Dihybrid","RrYy × RrYy"
"Plant_173","RrYy","Rr","Yy","Round Yellow","Round","Yellow","F2","Dihybrid","RrYy × RrYy"
"Plant_174","RrYy","Rr","Yy","Round Yellow","Round","Yellow","F2","Dihybrid","RrYy × RrYy"
"Plant_175","rrYY","rr","YY","Wrinkled Yellow","Wrinkled","Yellow","F2","Dihybrid","RrYy × RrYy"
"Plant_176","RrYY","Rr","YY","Round Yellow","Round","Yellow","F2","Dihybrid","RrYy × RrYy"
"Plant_177","RRYy","RR","Yy","Round Yellow","Round","Yellow","F2","Dihybrid","RrYy × RrYy"
"Plant_178","rrYy","rr","Yy","Wrinkled Yellow","Wrinkled","Yellow","F2","Dihybrid","RrYy × RrYy"
"Plant_179","RRYy","RR","Yy","Round Yellow","Round","Yellow","F2","Dihybrid","RrYy × RrYy"
"Plant_180","rrYy","rr","Yy","Wrinkled Yellow","Wrinkled","Yellow","F2","Dihybrid","RrYy × RrYy"
"Plant_181","RrYY","Rr","YY","Round Yellow","Round","Yellow","F2","Dihybrid","RrYy × RrYy"
"Plant_182","RRyy","RR","yy","Round Green","Round","Green","F2","Dihybrid","RrYy × RrYy"
"Plant_183","RRYy","RR","Yy","Round Yellow","Round","Yellow","F2","Dihybrid","RrYy × RrYy"
"Plant_184","RrYY","Rr","YY","Round Yellow","Round","Yellow","F2","Dihybrid","RrYy × RrYy"
"Plant_185","rrYy","rr","Yy","Wrinkled Yellow","Wrinkled","Yellow","F2","Dihybrid","RrYy × RrYy"
"Plant_186","RRYy","RR","Yy","Round Yellow","Round","Yellow","F2","Dihybrid","RrYy × RrYy"
"Plant_187","Rryy","Rr","yy","Round Green","Round","Green","F2","Dihybrid","RrYy × RrYy"
"Plant_188","RrYy","Rr","Yy","Round Yellow","Round","Yellow","F2","Dihybrid","RrYy × RrYy"
"Plant_189","rryy","rr","yy","Wrinkled Green","Wrinkled","Green","F2","Dihybrid","RrYy × RrYy"
"Plant_190","Rryy","Rr","yy","Round Green","Round","Green","F2","Dihybrid","RrYy × RrYy"
"Plant_191","RRyy","RR","yy","Round Green","Round","Green","F2","Dihybrid","RrYy × RrYy"
"Plant_192","RRYY","RR","YY","Round Yellow","Round","Yellow","F2","Dihybrid","RrYy × RrYy"
"Plant_193","RRYy","RR","Yy","Round Yellow","Round","Yellow","F2","Dihybrid","RrYy × RrYy"
"Plant_194","RrYy","Rr","Yy","Round Yellow","Round","Yellow","F2","Dihybrid","RrYy × RrYy"
"Plant_195","RRYy","RR","Yy","Round Yellow","Round","Yellow","F2","Dihybrid","RrYy × RrYy"
"Plant_196","Rryy","Rr","yy","Round Green","Round","Green","F2","Dihybrid","RrYy × RrYy"
"Plant_197","rrYy","rr","Yy","Wrinkled Yellow","Wrinkled","Yellow","F2","Dihybrid","RrYy × RrYy"
"Plant_198","rrYy","rr","Yy","Wrinkled Yellow","Wrinkled","Yellow","F2","Dihybrid","RrYy × RrYy"
"Plant_199","RRYy","RR","Yy","Round Yellow","Round","Yellow","F2","Dihybrid","RrYy × RrYy"
"Plant_200","RrYy","Rr","Yy","Round Yellow","Round","Yellow","F2","Dihybrid","RrYy × RrYy"
"Plant_201","Rryy","Rr","yy","Round Green","Round","Green","F2","Dihybrid","RrYy × RrYy"
"Plant_202","RrYY","Rr","YY","Round Yellow","Round","Yellow","F2","Dihybrid","RrYy × RrYy"
"Plant_203","Rryy","Rr","yy","Round Green","Round","Green","F2","Dihybrid","RrYy × RrYy"
"Plant_204","rrYY","rr","YY","Wrinkled Yellow","Wrinkled","Yellow","F2","Dihybrid","RrYy × RrYy"
"Plant_205","RrYy","Rr","Yy","Round Yellow","Round","Yellow","F2","Dihybrid","RrYy × RrYy"
"Plant_206","rrYy","rr","Yy","Wrinkled Yellow","Wrinkled","Yellow","F2","Dihybrid","RrYy × RrYy"
"Plant_207","RrYY","Rr","YY","Round Yellow","Round","Yellow","F2","Dihybrid","RrYy × RrYy"
"Plant_208","Rryy","Rr","yy","Round Green","Round","Green","F2","Dihybrid","RrYy × RrYy"
"Plant_209","RrYY","Rr","YY","Round Yellow","Round","Yellow","F2","Dihybrid","RrYy × RrYy"
"Plant_210","rrYy","rr","Yy","Wrinkled Yellow","Wrinkled","Yellow","F2","Dihybrid","RrYy × RrYy"
"Plant_211","RRYy","RR","Yy","Round Yellow","Round","Yellow","F2","Dihybrid","RrYy × RrYy"
"Plant_212","RrYy","Rr","Yy","Round Yellow","Round","Yellow","F2","Dihybrid","RrYy × RrYy"
"Plant_213","rrYy","rr","Yy","Wrinkled Yellow","Wrinkled","Yellow","F2","Dihybrid","RrYy × RrYy"
"Plant_214","RrYY","Rr","YY","Round Yellow","Round","Yellow","F2","Dihybrid","RrYy × RrYy"
"Plant_215","RrYY","Rr","YY","Round Yellow","Round","Yellow","F2","Dihybrid","RrYy × RrYy"
"Plant_216","RrYy","Rr","Yy","Round Yellow","Round","Yellow","F2","Dihybrid","RrYy × RrYy"
"Plant_217","rrYy","rr","Yy","Wrinkled Yellow","Wrinkled","Yellow","F2","Dihybrid","RrYy × RrYy"
"Plant_218","RRyy","RR","yy","Round Green","Round","Green","F2","Dihybrid","RrYy × RrYy"
"Plant_219","rryy","rr","yy","Wrinkled Green","Wrinkled","Green","F2","Dihybrid","RrYy × RrYy"
"Plant_220","RRyy","RR","yy","Round Green","Round","Green","F2","Dihybrid","RrYy × RrYy"
"Plant_221","RrYy","Rr","Yy","Round Yellow","Round","Yellow","F2","Dihybrid","RrYy × RrYy"
"Plant_222","RrYy","Rr","Yy","Round Yellow","Round","Yellow","F2","Dihybrid","RrYy × RrYy"
"Plant_223","Rryy","Rr","yy","Round Green","Round","Green","F2","Dihybrid","RrYy × RrYy"
"Plant_224","RRyy","RR","yy","Round Green","Round","Green","F2","Dihybrid","RrYy × RrYy"
"Plant_225","rrYY","rr","YY","Wrinkled Yellow","Wrinkled","Yellow","F2","Dihybrid","RrYy × RrYy"
"Plant_226","RrYy","Rr","Yy","Round Yellow","Round","Yellow","F2","Dihybrid","RrYy × RrYy"
"Plant_227","RrYy","Rr","Yy","Round Yellow","Round","Yellow","F2","Dihybrid","RrYy × RrYy"
"Plant_228","RRYy","RR","Yy","Round Yellow","Round","Yellow","F2","Dihybrid","RrYy × RrYy"
"Plant_229","RRYY","RR","YY","Round Yellow","Round","Yellow","F2","Dihybrid","RrYy × RrYy"
"Plant_230","RrYy","Rr","Yy","Round Yellow","Round","Yellow","F2","Dihybrid","RrYy × RrYy"
"Plant_231","rrYy","rr","Yy","Wrinkled Yellow","Wrinkled","Yellow","F2","Dihybrid","RrYy × RrYy"
"Plant_232","RRYy","RR","Yy","Round Yellow","Round","Yellow","F2","Dihybrid","RrYy × RrYy"
"Plant_233","RrYY","Rr","YY","Round Yellow","Round","Yellow","F2","Dihybrid","RrYy × RrYy"
"Plant_234","RrYY","Rr","YY","Round Yellow","Round","Yellow","F2","Dihybrid","RrYy × RrYy"
"Plant_235","RRYY","RR","YY","Round Yellow","Round","Yellow","F2","Dihybrid","RrYy × RrYy"
"Plant_236","RRYY","RR","YY","Round Yellow","Round","Yellow","F2","Dihybrid","RrYy × RrYy"
"Plant_237","rrYy","rr","Yy","Wrinkled Yellow","Wrinkled","Yellow","F2","Dihybrid","RrYy × RrYy"
"Plant_238","RrYy","Rr","Yy","Round Yellow","Round","Yellow","F2","Dihybrid","RrYy × RrYy"
"Plant_239","RrYY","Rr","YY","Round Yellow","Round","Yellow","F2","Dihybrid","RrYy × RrYy"
"Plant_240","RrYy","Rr","Yy","Round Yellow","Round","Yellow","F2","Dihybrid","RrYy × RrYy"
"Plant_241","RRYY","RR","YY","Round Yellow","Round","Yellow","F2","Dihybrid","RrYy × RrYy"
"Plant_242","Rryy","Rr","yy","Round Green","Round","Green","F2","Dihybrid","RrYy × RrYy"
"Plant_243","rrYy","rr","Yy","Wrinkled Yellow","Wrinkled","Yellow","F2","Dihybrid","RrYy × RrYy"
"Plant_244","RrYy","Rr","Yy","Round Yellow","Round","Yellow","F2","Dihybrid","RrYy × RrYy"
"Plant_245","Rryy","Rr","yy","Round Green","Round","Green","F2","Dihybrid","RrYy × RrYy"
"Plant_246","rrYy","rr","Yy","Wrinkled Yellow","Wrinkled","Yellow","F2","Dihybrid","RrYy × RrYy"
"Plant_247","RRYY","RR","YY","Round Yellow","Round","Yellow","F2","Dihybrid","RrYy × RrYy"
"Plant_248","RRYy","RR","Yy","Round Yellow","Round","Yellow","F2","Dihybrid","RrYy × RrYy"
"Plant_249","RrYy","Rr","Yy","Round Yellow","Round","Yellow","F2","Dihybrid","RrYy × RrYy"
"Plant_250","RrYy","Rr","Yy","Round Yellow","Round","Yellow","F2","Dihybrid","RrYy × RrYy"
"Plant_251","RrYY","Rr","YY","Round Yellow","Round","Yellow","F2","Dihybrid","RrYy × RrYy"
"Plant_252","RrYY","Rr","YY","Round Yellow","Round","Yellow","F2","Dihybrid","RrYy × RrYy"
"Plant_253","RrYy","Rr","Yy","Round Yellow","Round","Yellow","F2","Dihybrid","RrYy × RrYy"
"Plant_254","rrYY","rr","YY","Wrinkled Yellow","Wrinkled","Yellow","F2","Dihybrid","RrYy × RrYy"
"Plant_255","RrYy","Rr","Yy","Round Yellow","Round","Yellow","F2","Dihybrid","RrYy × RrYy"
"Plant_256","rryy","rr","yy","Wrinkled Green","Wrinkled","Green","F2","Dihybrid","RrYy × RrYy"
"Plant_257","RrYy","Rr","Yy","Round Yellow","Round","Yellow","F2","Dihybrid","RrYy × RrYy"
"Plant_258","RrYY","Rr","YY","Round Yellow","Round","Yellow","F2","Dihybrid","RrYy × RrYy"
"Plant_259","RRYY","RR","YY","Round Yellow","Round","Yellow","F2","Dihybrid","RrYy × RrYy"
"Plant_260","Rryy","Rr","yy","Round Green","Round","Green","F2","Dihybrid","RrYy × RrYy"
"Plant_261","RrYY","Rr","YY","Round Yellow","Round","Yellow","F2","Dihybrid","RrYy × RrYy"
"Plant_262","RrYy","Rr","Yy","Round Yellow","Round","Yellow","F2","Dihybrid","RrYy × RrYy"
"Plant_263","RRYy","RR","Yy","Round Yellow","Round","Yellow","F2","Dihybrid","RrYy × RrYy"
"Plant_264","RrYY","Rr","YY","Round Yellow","Round","Yellow","F2","Dihybrid","RrYy × RrYy"
"Plant_265","rrYy","rr","Yy","Wrinkled Yellow","Wrinkled","Yellow","F2","Dihybrid","RrYy × RrYy"
"Plant_266","rrYY","rr","YY","Wrinkled Yellow","Wrinkled","Yellow","F2","Dihybrid","RrYy × RrYy"
"Plant_267","RRYY","RR","YY","Round Yellow","Round","Yellow","F2","Dihybrid","RrYy × RrYy"
"Plant_268","RrYy","Rr","Yy","Round Yellow","Round","Yellow","F2","Dihybrid","RrYy × RrYy"
"Plant_269","RRYy","RR","Yy","Round Yellow","Round","Yellow","F2","Dihybrid","RrYy × RrYy"
"Plant_270","RrYY","Rr","YY","Round Yellow","Round","Yellow","F2","Dihybrid","RrYy × RrYy"
"Plant_271","Rryy","Rr","yy","Round Green","Round","Green","F2","Dihybrid","RrYy × RrYy"
"Plant_272","RrYy","Rr","Yy","Round Yellow","Round","Yellow","F2","Dihybrid","RrYy × RrYy"
"Plant_273","RRYY","RR","YY","Round Yellow","Round","Yellow","F2","Dihybrid","RrYy × RrYy"
"Plant_274","rrYy","rr","Yy","Wrinkled Yellow","Wrinkled","Yellow","F2","Dihybrid","RrYy × RrYy"
"Plant_275","RRYy","RR","Yy","Round Yellow","Round","Yellow","F2","Dihybrid","RrYy × RrYy"
"Plant_276","Rryy","Rr","yy","Round Green","Round","Green","F2","Dihybrid","RrYy × RrYy"
"Plant_277","RRYY","RR","YY","Round Yellow","Round","Yellow","F2","Dihybrid","RrYy × RrYy"
"Plant_278","rrYy","rr","Yy","Wrinkled Yellow","Wrinkled","Yellow","F2","Dihybrid","RrYy × RrYy"
"Plant_279","rrYy","rr","Yy","Wrinkled Yellow","Wrinkled","Yellow","F2","Dihybrid","RrYy × RrYy"
"Plant_280","rryy","rr","yy","Wrinkled Green","Wrinkled","Green","F2","Dihybrid","RrYy × RrYy"
"Plant_281","RRyy","RR","yy","Round Green","Round","Green","F2","Dihybrid","RrYy × RrYy"
"Plant_282","RrYy","Rr","Yy","Round Yellow","Round","Yellow","F2","Dihybrid","RrYy × RrYy"
"Plant_283","Rryy","Rr","yy","Round Green","Round","Green","F2","Dihybrid","RrYy × RrYy"
"Plant_284","RrYy","Rr","Yy","Round Yellow","Round","Yellow","F2","Dihybrid","RrYy × RrYy"
"Plant_285","RRYy","RR","Yy","Round Yellow","Round","Yellow","F2","Dihybrid","RrYy × RrYy"
"Plant_286","rrYy","rr","Yy","Wrinkled Yellow","Wrinkled","Yellow","F2","Dihybrid","RrYy × RrYy"
"Plant_287","RrYy","Rr","Yy","Round Yellow","Round","Yellow","F2","Dihybrid","RrYy × RrYy"
"Plant_288","RrYY","Rr","YY","Round Yellow","Round","Yellow","F2","Dihybrid","RrYy × RrYy"
"Plant_289","rrYY","rr","YY","Wrinkled Yellow","Wrinkled","Yellow","F2","Dihybrid","RrYy × RrYy"
"Plant_290","RrYy","Rr","Yy","Round Yellow","Round","Yellow","F2","Dihybrid","RrYy × RrYy"
"Plant_291","Rryy","Rr","yy","Round Green","Round","Green","F2","Dihybrid","RrYy × RrYy"
"Plant_292","RrYy","Rr","Yy","Round Yellow","Round","Yellow","F2","Dihybrid","RrYy × RrYy"
"Plant_293","RrYy","Rr","Yy","Round Yellow","Round","Yellow","F2","Dihybrid","RrYy × RrYy"
"Plant_294","RrYy","Rr","Yy","Round Yellow","Round","Yellow","F2","Dihybrid","RrYy × RrYy"
"Plant_295","RrYy","Rr","Yy","Round Yellow","Round","Yellow","F2","Dihybrid","RrYy × RrYy"
"Plant_296","RrYy","Rr","Yy","Round Yellow","Round","Yellow","F2","Dihybrid","RrYy × RrYy"
"Plant_297","RRyy","RR","yy","Round Green","Round","Green","F2","Dihybrid","RrYy × RrYy"
"Plant_298","RRyy","RR","yy","Round Green","Round","Green","F2","Dihybrid","RrYy × RrYy"
"Plant_299","rrYy","rr","Yy","Wrinkled Yellow","Wrinkled","Yellow","F2","Dihybrid","RrYy × RrYy"
"Plant_300","RrYY","Rr","YY","Round Yellow","Round","Yellow","F2","Dihybrid","RrYy × RrYy"
"Plant_301","Rryy","Rr","yy","Round Green","Round","Green","F2","Dihybrid","RrYy × RrYy"
"Plant_302","rrYY","rr","YY","Wrinkled Yellow","Wrinkled","Yellow","F2","Dihybrid","RrYy × RrYy"
"Plant_303","RrYY","Rr","YY","Round Yellow","Round","Yellow","F2","Dihybrid","RrYy × RrYy"
"Plant_304","RRYY","RR","YY","Round Yellow","Round","Yellow","F2","Dihybrid","RrYy × RrYy"
"Plant_305","Rryy","Rr","yy","Round Green","Round","Green","F2","Dihybrid","RrYy × RrYy"
"Plant_306","rrYy","rr","Yy","Wrinkled Yellow","Wrinkled","Yellow","F2","Dihybrid","RrYy × RrYy"
"Plant_307","rrYy","rr","Yy","Wrinkled Yellow","Wrinkled","Yellow","F2","Dihybrid","RrYy × RrYy"
"Plant_308","rrYY","rr","YY","Wrinkled Yellow","Wrinkled","Yellow","F2","Dihybrid","RrYy × RrYy"
"Plant_309","RrYY","Rr","YY","Round Yellow","Round","Yellow","F2","Dihybrid","RrYy × RrYy"
"Plant_310","RrYy","Rr","Yy","Round Yellow","Round","Yellow","F2","Dihybrid","RrYy × RrYy"
"Plant_311","rryy","rr","yy","Wrinkled Green","Wrinkled","Green","F2","Dihybrid","RrYy × RrYy"
"Plant_312","RrYy","Rr","Yy","Round Yellow","Round","Yellow","F2","Dihybrid","RrYy × RrYy"
"Plant_313","RrYY","Rr","YY","Round Yellow","Round","Yellow","F2","Dihybrid","RrYy × RrYy"
"Plant_314","RRYY","RR","YY","Round Yellow","Round","Yellow","F2","Dihybrid","RrYy × RrYy"
"Plant_315","rrYy","rr","Yy","Wrinkled Yellow","Wrinkled","Yellow","F2","Dihybrid","RrYy × RrYy"
"Plant_316","RRYY","RR","YY","Round Yellow","Round","Yellow","F2","Dihybrid","RrYy × RrYy"
"Plant_317","RrYY","Rr","YY","Round Yellow","Round","Yellow","F2","Dihybrid","RrYy × RrYy"
"Plant_318","rrYy","rr","Yy","Wrinkled Yellow","Wrinkled","Yellow","F2","Dihybrid","RrYy × RrYy"
"Plant_319","Rryy","Rr","yy","Round Green","Round","Green","F2","Dihybrid","RrYy × RrYy"
"Plant_320","rrYy","rr","Yy","Wrinkled Yellow","Wrinkled","Yellow","F2","Dihybrid","RrYy × RrYy"
"Plant_321","RrYy","Rr","Yy","Round Yellow","Round","Yellow","F2","Dihybrid","RrYy × RrYy"
"Plant_322","RRYy","RR","Yy","Round Yellow","Round","Yellow","F2","Dihybrid","RrYy × RrYy"
"Plant_323","Rryy","Rr","yy","Round Green","Round","Green","F2","Dihybrid","RrYy × RrYy"
"Plant_324","rrYy","rr","Yy","Wrinkled Yellow","Wrinkled","Yellow","F2","Dihybrid","RrYy × RrYy"
"Plant_325","RrYy","Rr","Yy","Round Yellow","Round","Yellow","F2","Dihybrid","RrYy × RrYy"
"Plant_326","RrYY","Rr","YY","Round Yellow","Round","Yellow","F2","Dihybrid","RrYy × RrYy"
"Plant_327","RRyy","RR","yy","Round Green","Round","Green","F2","Dihybrid","RrYy × RrYy"
"Plant_328","RRYy","RR","Yy","Round Yellow","Round","Yellow","F2","Dihybrid","RrYy × RrYy"
"Plant_329","rryy","rr","yy","Wrinkled Green","Wrinkled","Green","F2","Dihybrid","RrYy × RrYy"
"Plant_330","rrYy","rr","Yy","Wrinkled Yellow","Wrinkled","Yellow","F2","Dihybrid","RrYy × RrYy"
"Plant_331","RrYy","Rr","Yy","Round Yellow","Round","Yellow","F2","Dihybrid","RrYy × RrYy"
"Plant_332","RRYY","RR","YY","Round Yellow","Round","Yellow","F2","Dihybrid","RrYy × RrYy"
"Plant_333","RrYy","Rr","Yy","Round Yellow","Round","Yellow","F2","Dihybrid","RrYy × RrYy"
"Plant_334","RRyy","RR","yy","Round Green","Round","Green","F2","Dihybrid","RrYy × RrYy"
"Plant_335","Rryy","Rr","yy","Round Green","Round","Green","F2","Dihybrid","RrYy × RrYy"
"Plant_336","RrYy","Rr","Yy","Round Yellow","Round","Yellow","F2","Dihybrid","RrYy × RrYy"
"Plant_337","RrYY","Rr","YY","Round Yellow","Round","Yellow","F2","Dihybrid","RrYy × RrYy"
"Plant_338","RrYy","Rr","Yy","Round Yellow","Round","Yellow","F2","Dihybrid","RrYy × RrYy"
"Plant_339","rryy","rr","yy","Wrinkled Green","Wrinkled","Green","F2","Dihybrid","RrYy × RrYy"
"Plant_340","rrYy","rr","Yy","Wrinkled Yellow","Wrinkled","Yellow","F2","Dihybrid","RrYy × RrYy"
"Plant_341","Rryy","Rr","yy","Round Green","Round","Green","F2","Dihybrid","RrYy × RrYy"
"Plant_342","RRYy","RR","Yy","Round Yellow","Round","Yellow","F2","Dihybrid","RrYy × RrYy"
"Plant_343","Rryy","Rr","yy","Round Green","Round","Green","F2","Dihybrid","RrYy × RrYy"
"Plant_344","RRYy","RR","Yy","Round Yellow","Round","Yellow","F2","Dihybrid","RrYy × RrYy"
"Plant_345","rryy","rr","yy","Wrinkled Green","Wrinkled","Green","F2","Dihybrid","RrYy × RrYy"
"Plant_346","RRYY","RR","YY","Round Yellow","Round","Yellow","F2","Dihybrid","RrYy × RrYy"
"Plant_347","RrYY","Rr","YY","Round Yellow","Round","Yellow","F2","Dihybrid","RrYy × RrYy"
"Plant_348","rryy","rr","yy","Wrinkled Green","Wrinkled","Green","F2","Dihybrid","RrYy × RrYy"
"Plant_349","Rryy","Rr","yy","Round Green","Round","Green","F2","Dihybrid","RrYy × RrYy"
"Plant_350","RrYY","Rr","YY","Round Yellow","Round","Yellow","F2","Dihybrid","RrYy × RrYy"
"Plant_351","RrYy","Rr","Yy","Round Yellow","Round","Yellow","F2","Dihybrid","RrYy × RrYy"
"Plant_352","rryy","rr","yy","Wrinkled Green","Wrinkled","Green","F2","Dihybrid","RrYy × RrYy"
"Plant_353","rrYY","rr","YY","Wrinkled Yellow","Wrinkled","Yellow","F2","Dihybrid","RrYy × RrYy"
"Plant_354","rrYy","rr","Yy","Wrinkled Yellow","Wrinkled","Yellow","F2","Dihybrid","RrYy × RrYy"
"Plant_355","RrYY","Rr","YY","Round Yellow","Round","Yellow","F2","Dihybrid","RrYy × RrYy"
"Plant_356","RrYy","Rr","Yy","Round Yellow","Round","Yellow","F2","Dihybrid","RrYy × RrYy"
"Plant_357","rrYy","rr","Yy","Wrinkled Yellow","Wrinkled","Yellow","F2","Dihybrid","RrYy × RrYy"
"Plant_358","rryy","rr","yy","Wrinkled Green","Wrinkled","Green","F2","Dihybrid","RrYy × RrYy"
"Plant_359","RRyy","RR","yy","Round Green","Round","Green","F2","Dihybrid","RrYy × RrYy"
"Plant_360","RrYY","Rr","YY","Round Yellow","Round","Yellow","F2","Dihybrid","RrYy × RrYy"
"Plant_361","rryy","rr","yy","Wrinkled Green","Wrinkled","Green","F2","Dihybrid","RrYy × RrYy"
"Plant_362","RrYy","Rr","Yy","Round Yellow","Round","Yellow","F2","Dihybrid","RrYy × RrYy"
"Plant_363","RrYy","Rr","Yy","Round Yellow","Round","Yellow","F2","Dihybrid","RrYy × RrYy"
"Plant_364","RrYY","Rr","YY","Round Yellow","Round","Yellow","F2","Dihybrid","RrYy × RrYy"
"Plant_365","RRYy","RR","Yy","Round Yellow","Round","Yellow","F2","Dihybrid","RrYy × RrYy"
"Plant_366","rrYY","rr","YY","Wrinkled Yellow","Wrinkled","Yellow","F2","Dihybrid","RrYy × RrYy"
"Plant_367","RRYY","RR","YY","Round Yellow","Round","Yellow","F2","Dihybrid","RrYy × RrYy"
"Plant_368","RrYY","Rr","YY","Round Yellow","Round","Yellow","F2","Dihybrid","RrYy × RrYy"
"Plant_369","RrYy","Rr","Yy","Round Yellow","Round","Yellow","F2","Dihybrid","RrYy × RrYy"
"Plant_370","rrYY","rr","YY","Wrinkled Yellow","Wrinkled","Yellow","F2","Dihybrid","RrYy × RrYy"
"Plant_371","RrYY","Rr","YY","Round Yellow","Round","Yellow","F2","Dihybrid","RrYy × RrYy"
"Plant_372","rrYy","rr","Yy","Wrinkled Yellow","Wrinkled","Yellow","F2","Dihybrid","RrYy × RrYy"
"Plant_373","RrYY","Rr","YY","Round Yellow","Round","Yellow","F2","Dihybrid","RrYy × RrYy"
"Plant_374","RrYy","Rr","Yy","Round Yellow","Round","Yellow","F2","Dihybrid","RrYy × RrYy"
"Plant_375","RrYy","Rr","Yy","Round Yellow","Round","Yellow","F2","Dihybrid","RrYy × RrYy"
"Plant_376","rrYy","rr","Yy","Wrinkled Yellow","Wrinkled","Yellow","F2","Dihybrid","RrYy × RrYy"
"Plant_377","rrYy","rr","Yy","Wrinkled Yellow","Wrinkled","Yellow","F2","Dihybrid","RrYy × RrYy"
"Plant_378","RrYy","Rr","Yy","Round Yellow","Round","Yellow","F2","Dihybrid","RrYy × RrYy"
"Plant_379","RRYy","RR","Yy","Round Yellow","Round","Yellow","F2","Dihybrid","RrYy × RrYy"
"Plant_380","RrYy","Rr","Yy","Round Yellow","Round","Yellow","F2","Dihybrid","RrYy × RrYy"
"Plant_381","rrYy","rr","Yy","Wrinkled Yellow","Wrinkled","Yellow","F2","Dihybrid","RrYy × RrYy"
"Plant_382","RrYY","Rr","YY","Round Yellow","Round","Yellow","F2","Dihybrid","RrYy × RrYy"
"Plant_383","rrYy","rr","Yy","Wrinkled Yellow","Wrinkled","Yellow","F2","Dihybrid","RrYy × RrYy"
"Plant_384","RRYy","RR","Yy","Round Yellow","Round","Yellow","F2","Dihybrid","RrYy × RrYy"
"Plant_385","Rryy","Rr","yy","Round Green","Round","Green","F2","Dihybrid","RrYy × RrYy"
"Plant_386","RrYy","Rr","Yy","Round Yellow","Round","Yellow","F2","Dihybrid","RrYy × RrYy"
"Plant_387","Rryy","Rr","yy","Round Green","Round","Green","F2","Dihybrid","RrYy × RrYy"
"Plant_388","Rryy","Rr","yy","Round Green","Round","Green","F2","Dihybrid","RrYy × RrYy"
"Plant_389","RRyy","RR","yy","Round Green","Round","Green","F2","Dihybrid","RrYy × RrYy"
"Plant_390","rrYy","rr","Yy","Wrinkled Yellow","Wrinkled","Yellow","F2","Dihybrid","RrYy × RrYy"
"Plant_391","rryy","rr","yy","Wrinkled Green","Wrinkled","Green","F2","Dihybrid","RrYy × RrYy"
"Plant_392","RrYy","Rr","Yy","Round Yellow","Round","Yellow","F2","Dihybrid","RrYy × RrYy"
"Plant_393","RrYy","Rr","Yy","Round Yellow","Round","Yellow","F2","Dihybrid","RrYy × RrYy"
"Plant_394","RRYy","RR","Yy","Round Yellow","Round","Yellow","F2","Dihybrid","RrYy × RrYy"
"Plant_395","RrYY","Rr","YY","Round Yellow","Round","Yellow","F2","Dihybrid","RrYy × RrYy"
"Plant_396","RRYy","RR","Yy","Round Yellow","Round","Yellow","F2","Dihybrid","RrYy × RrYy"
"Plant_397","RRYY","RR","YY","Round Yellow","Round","Yellow","F2","Dihybrid","RrYy × RrYy"
"Plant_398","rrYy","rr","Yy","Wrinkled Yellow","Wrinkled","Yellow","F2","Dihybrid","RrYy × RrYy"
"Plant_399","Rryy","Rr","yy","Round Green","Round","Green","F2","Dihybrid","RrYy × RrYy"
"Plant_400","RrYy","Rr","Yy","Round Yellow","Round","Yellow","F2","Dihybrid","RrYy × RrYy"
"Plant_401","RRYY","RR","YY","Round Yellow","Round","Yellow","F2","Dihybrid","RrYy × RrYy"
"Plant_402","rryy","rr","yy","Wrinkled Green","Wrinkled","Green","F2","Dihybrid","RrYy × RrYy"
"Plant_403","RrYy","Rr","Yy","Round Yellow","Round","Yellow","F2","Dihybrid","RrYy × RrYy"
"Plant_404","RrYy","Rr","Yy","Round Yellow","Round","Yellow","F2","Dihybrid","RrYy × RrYy"
"Plant_405","rrYy","rr","Yy","Wrinkled Yellow","Wrinkled","Yellow","F2","Dihybrid","RrYy × RrYy"
"Plant_406","RRYY","RR","YY","Round Yellow","Round","Yellow","F2","Dihybrid","RrYy × RrYy"
"Plant_407","Rryy","Rr","yy","Round Green","Round","Green","F2","Dihybrid","RrYy × RrYy"
"Plant_408","RrYy","Rr","Yy","Round Yellow","Round","Yellow","F2","Dihybrid","RrYy × RrYy"
"Plant_409","RRYy","RR","Yy","Round Yellow","Round","Yellow","F2","Dihybrid","RrYy × RrYy"
"Plant_410","rrYy","rr","Yy","Wrinkled Yellow","Wrinkled","Yellow","F2","Dihybrid","RrYy × RrYy"
"Plant_411","RrYy","Rr","Yy","Round Yellow","Round","Yellow","F2","Dihybrid","RrYy × RrYy"
"Plant_412","RrYy","Rr","Yy","Round Yellow","Round","Yellow","F2","Dihybrid","RrYy × RrYy"
"Plant_413","RRYY","RR","YY","Round Yellow","Round","Yellow","F2","Dihybrid","RrYy × RrYy"
"Plant_414","Rryy","Rr","yy","Round Green","Round","Green","F2","Dihybrid","RrYy × RrYy"
"Plant_415","RrYY","Rr","YY","Round Yellow","Round","Yellow","F2","Dihybrid","RrYy × RrYy"
"Plant_416","RrYy","Rr","Yy","Round Yellow","Round","Yellow","F2","Dihybrid","RrYy × RrYy"
"Plant_417","Rryy","Rr","yy","Round Green","Round","Green","F2","Dihybrid","RrYy × RrYy"
"Plant_418","RrYY","Rr","YY","Round Yellow","Round","Yellow","F2","Dihybrid","RrYy × RrYy"
"Plant_419","Rryy","Rr","yy","Round Green","Round","Green","F2","Dihybrid","RrYy × RrYy"
"Plant_420","RrYy","Rr","Yy","Round Yellow","Round","Yellow","F2","Dihybrid","RrYy × RrYy"
"Plant_421","RRYy","RR","Yy","Round Yellow","Round","Yellow","F2","Dihybrid","RrYy × RrYy"
"Plant_422","RrYy","Rr","Yy","Round Yellow","Round","Yellow","F2","Dihybrid","RrYy × RrYy"
"Plant_423","RRyy","RR","yy","Round Green","Round","Green","F2","Dihybrid","RrYy × RrYy"
"Plant_424","Rryy","Rr","yy","Round Green","Round","Green","F2","Dihybrid","RrYy × RrYy"
"Plant_425","RrYY","Rr","YY","Round Yellow","Round","Yellow","F2","Dihybrid","RrYy × RrYy"
"Plant_426","RRYY","RR","YY","Round Yellow","Round","Yellow","F2","Dihybrid","RrYy × RrYy"
"Plant_427","RrYy","Rr","Yy","Round Yellow","Round","Yellow","F2","Dihybrid","RrYy × RrYy"
"Plant_428","rrYy","rr","Yy","Wrinkled Yellow","Wrinkled","Yellow","F2","Dihybrid","RrYy × RrYy"
"Plant_429","RRYy","RR","Yy","Round Yellow","Round","Yellow","F2","Dihybrid","RrYy × RrYy"
"Plant_430","rrYY","rr","YY","Wrinkled Yellow","Wrinkled","Yellow","F2","Dihybrid","RrYy × RrYy"
"Plant_431","RrYy","Rr","Yy","Round Yellow","Round","Yellow","F2","Dihybrid","RrYy × RrYy"
"Plant_432","rrYY","rr","YY","Wrinkled Yellow","Wrinkled","Yellow","F2","Dihybrid","RrYy × RrYy"
"Plant_433","RRYy","RR","Yy","Round Yellow","Round","Yellow","F2","Dihybrid","RrYy × RrYy"
"Plant_434","RRYy","RR","Yy","Round Yellow","Round","Yellow","F2","Dihybrid","RrYy × RrYy"
"Plant_435","RrYy","Rr","Yy","Round Yellow","Round","Yellow","F2","Dihybrid","RrYy × RrYy"
"Plant_436","Rryy","Rr","yy","Round Green","Round","Green","F2","Dihybrid","RrYy × RrYy"
"Plant_437","RRyy","RR","yy","Round Green","Round","Green","F2","Dihybrid","RrYy × RrYy"
"Plant_438","rrYy","rr","Yy","Wrinkled Yellow","Wrinkled","Yellow","F2","Dihybrid","RrYy × RrYy"
"Plant_439","RrYy","Rr","Yy","Round Yellow","Round","Yellow","F2","Dihybrid","RrYy × RrYy"
"Plant_440","rrYy","rr","Yy","Wrinkled Yellow","Wrinkled","Yellow","F2","Dihybrid","RrYy × RrYy"
"Plant_441","rrYy","rr","Yy","Wrinkled Yellow","Wrinkled","Yellow","F2","Dihybrid","RrYy × RrYy"
"Plant_442","RrYy","Rr","Yy","Round Yellow","Round","Yellow","F2","Dihybrid","RrYy × RrYy"
"Plant_443","RRyy","RR","yy","Round Green","Round","Green","F2","Dihybrid","RrYy × RrYy"
"Plant_444","RrYy","Rr","Yy","Round Yellow","Round","Yellow","F2","Dihybrid","RrYy × RrYy"
"Plant_445","Rryy","Rr","yy","Round Green","Round","Green","F2","Dihybrid","RrYy × RrYy"
"Plant_446","RRyy","RR","yy","Round Green","Round","Green","F2","Dihybrid","RrYy × RrYy"
"Plant_447","Rryy","Rr","yy","Round Green","Round","Green","F2","Dihybrid","RrYy × RrYy"
"Plant_448","RrYy","Rr","Yy","Round Yellow","Round","Yellow","F2","Dihybrid","RrYy × RrYy"
"Plant_449","rryy","rr","yy","Wrinkled Green","Wrinkled","Green","F2","Dihybrid","RrYy × RrYy"
"Plant_450","Rryy","Rr","yy","Round Green","Round","Green","F2","Dihybrid","RrYy × RrYy"
"Plant_451","rryy","rr","yy","Wrinkled Green","Wrinkled","Green","F2","Dihybrid","RrYy × RrYy"
"Plant_452","rrYY","rr","YY","Wrinkled Yellow","Wrinkled","Yellow","F2","Dihybrid","RrYy × RrYy"
"Plant_453","RrYy","Rr","Yy","Round Yellow","Round","Yellow","F2","Dihybrid","RrYy × RrYy"
"Plant_454","RRYy","RR","Yy","Round Yellow","Round","Yellow","F2","Dihybrid","RrYy × RrYy"
"Plant_455","RrYy","Rr","Yy","Round Yellow","Round","Yellow","F2","Dihybrid","RrYy × RrYy"
"Plant_456","RrYy","Rr","Yy","Round Yellow","Round","Yellow","F2","Dihybrid","RrYy × RrYy"
"Plant_457","rrYY","rr","YY","Wrinkled Yellow","Wrinkled","Yellow","F2","Dihybrid","RrYy × RrYy"
"Plant_458","RRyy","RR","yy","Round Green","Round","Green","F2","Dihybrid","RrYy × RrYy"
"Plant_459","RRYy","RR","Yy","Round Yellow","Round","Yellow","F2","Dihybrid","RrYy × RrYy"
"Plant_460","RRyy","RR","yy","Round Green","Round","Green","F2","Dihybrid","RrYy × RrYy"
"Plant_461","RrYY","Rr","YY","Round Yellow","Round","Yellow","F2","Dihybrid","RrYy × RrYy"
"Plant_462","RrYy","Rr","Yy","Round Yellow","Round","Yellow","F2","Dihybrid","RrYy × RrYy"
"Plant_463","Rryy","Rr","yy","Round Green","Round","Green","F2","Dihybrid","RrYy × RrYy"
"Plant_464","RrYY","Rr","YY","Round Yellow","Round","Yellow","F2","Dihybrid","RrYy × RrYy"
"Plant_465","Rryy","Rr","yy","Round Green","Round","Green","F2","Dihybrid","RrYy × RrYy"
"Plant_466","RRYy","RR","Yy","Round Yellow","Round","Yellow","F2","Dihybrid","RrYy × RrYy"
"Plant_467","rrYy","rr","Yy","Wrinkled Yellow","Wrinkled","Yellow","F2","Dihybrid","RrYy × RrYy"
"Plant_468","rrYY","rr","YY","Wrinkled Yellow","Wrinkled","Yellow","F2","Dihybrid","RrYy × RrYy"
"Plant_469","RrYY","Rr","YY","Round Yellow","Round","Yellow","F2","Dihybrid","RrYy × RrYy"
"Plant_470","rrYy","rr","Yy","Wrinkled Yellow","Wrinkled","Yellow","F2","Dihybrid","RrYy × RrYy"
"Plant_471","Rryy","Rr","yy","Round Green","Round","Green","F2","Dihybrid","RrYy × RrYy"
"Plant_472","RrYY","Rr","YY","Round Yellow","Round","Yellow","F2","Dihybrid","RrYy × RrYy"
"Plant_473","rrYY","rr","YY","Wrinkled Yellow","Wrinkled","Yellow","F2","Dihybrid","RrYy × RrYy"
"Plant_474","RrYy","Rr","Yy","Round Yellow","Round","Yellow","F2","Dihybrid","RrYy × RrYy"
"Plant_475","RRyy","RR","yy","Round Green","Round","Green","F2","Dihybrid","RrYy × RrYy"
"Plant_476","Rryy","Rr","yy","Round Green","Round","Green","F2","Dihybrid","RrYy × RrYy"
"Plant_477","RRYy","RR","Yy","Round Yellow","Round","Yellow","F2","Dihybrid","RrYy × RrYy"
"Plant_478","RrYY","Rr","YY","Round Yellow","Round","Yellow","F2","Dihybrid","RrYy × RrYy"
"Plant_479","RrYy","Rr","Yy","Round Yellow","Round","Yellow","F2","Dihybrid","RrYy × RrYy"
"Plant_480","rrYy","rr","Yy","Wrinkled Yellow","Wrinkled","Yellow","F2","Dihybrid","RrYy × RrYy"
"Plant_481","RrYY","Rr","YY","Round Yellow","Round","Yellow","F2","Dihybrid","RrYy × RrYy"
"Plant_482","RRyy","RR","yy","Round Green","Round","Green","F2","Dihybrid","RrYy × RrYy"
"Plant_483","RrYy","Rr","Yy","Round Yellow","Round","Yellow","F2","Dihybrid","RrYy × RrYy"
"Plant_484","RRYy","RR","Yy","Round Yellow","Round","Yellow","F2","Dihybrid","RrYy × RrYy"
"Plant_485","rrYy","rr","Yy","Wrinkled Yellow","Wrinkled","Yellow","F2","Dihybrid","RrYy × RrYy"
"Plant_486","RRYy","RR","Yy","Round Yellow","Round","Yellow","F2","Dihybrid","RrYy × RrYy"
"Plant_487","RrYy","Rr","Yy","Round Yellow","Round","Yellow","F2","Dihybrid","RrYy × RrYy"
"Plant_488","Rryy","Rr","yy","Round Green","Round","Green","F2","Dihybrid","RrYy × RrYy"
"Plant_489","RRYy","RR","Yy","Round Yellow","Round","Yellow","F2","Dihybrid","RrYy × RrYy"
"Plant_490","Rryy","Rr","yy","Round Green","Round","Green","F2","Dihybrid","RrYy × RrYy"
"Plant_491","rrYY","rr","YY","Wrinkled Yellow","Wrinkled","Yellow","F2","Dihybrid","RrYy × RrYy"
"Plant_492","RrYy","Rr","Yy","Round Yellow","Round","Yellow","F2","Dihybrid","RrYy × RrYy"
"Plant_493","RRyy","RR","yy","Round Green","Round","Green","F2","Dihybrid","RrYy × RrYy"
"Plant_494","RrYy","Rr","Yy","Round Yellow","Round","Yellow","F2","Dihybrid","RrYy × RrYy"
"Plant_495","RRYy","RR","Yy","Round Yellow","Round","Yellow","F2","Dihybrid","RrYy × RrYy"
"Plant_496","RrYy","Rr","Yy","Round Yellow","Round","Yellow","F2","Dihybrid","RrYy × RrYy"
"Plant_497","rrYy","rr","Yy","Wrinkled Yellow","Wrinkled","Yellow","F2","Dihybrid","RrYy × RrYy"
"Plant_498","Rryy","Rr","yy","Round Green","Round","Green","F2","Dihybrid","RrYy × RrYy"
"Plant_499","RrYy","Rr","Yy","Round Yellow","Round","Yellow","F2","Dihybrid","RrYy × RrYy"
"Plant_500","rrYy","rr","Yy","Wrinkled Yellow","Wrinkled","Yellow","F2","Dihybrid","RrYy × RrYy"
"Plant_501","RrYy","Rr","Yy","Round Yellow","Round","Yellow","F2","Dihybrid","RrYy × RrYy"
"Plant_502","RrYy","Rr","Yy","Round Yellow","Round","Yellow","F2","Dihybrid","RrYy × RrYy"
"Plant_503","RrYY","Rr","YY","Round Yellow","Round","Yellow","F2","Dihybrid","RrYy × RrYy"
"Plant_504","rrYy","rr","Yy","Wrinkled Yellow","Wrinkled","Yellow","F2","Dihybrid","RrYy × RrYy"
"Plant_505","rrYy","rr","Yy","Wrinkled Yellow","Wrinkled","Yellow","F2","Dihybrid","RrYy × RrYy"
"Plant_506","rrYY","rr","YY","Wrinkled Yellow","Wrinkled","Yellow","F2","Dihybrid","RrYy × RrYy"
"Plant_507","rrYy","rr","Yy","Wrinkled Yellow","Wrinkled","Yellow","F2","Dihybrid","RrYy × RrYy"
"Plant_508","RrYy","Rr","Yy","Round Yellow","Round","Yellow","F2","Dihybrid","RrYy × RrYy"
"Plant_509","RrYy","Rr","Yy","Round Yellow","Round","Yellow","F2","Dihybrid","RrYy × RrYy"
"Plant_510","RrYy","Rr","Yy","Round Yellow","Round","Yellow","F2","Dihybrid","RrYy × RrYy"
"Plant_511","RrYy","Rr","Yy","Round Yellow","Round","Yellow","F2","Dihybrid","RrYy × RrYy"
"Plant_512","rrYy","rr","Yy","Wrinkled Yellow","Wrinkled","Yellow","F2","Dihybrid","RrYy × RrYy"
"Plant_513","rrYY","rr","YY","Wrinkled Yellow","Wrinkled","Yellow","F2","Dihybrid","RrYy × RrYy"
"Plant_514","Rryy","Rr","yy","Round Green","Round","Green","F2","Dihybrid","RrYy × RrYy"
"Plant_515","Rryy","Rr","yy","Round Green","Round","Green","F2","Dihybrid","RrYy × RrYy"
"Plant_516","rrYy","rr","Yy","Wrinkled Yellow","Wrinkled","Yellow","F2","Dihybrid","RrYy × RrYy"
"Plant_517","RrYy","Rr","Yy","Round Yellow","Round","Yellow","F2","Dihybrid","RrYy × RrYy"
"Plant_518","RrYy","Rr","Yy","Round Yellow","Round","Yellow","F2","Dihybrid","RrYy × RrYy"
"Plant_519","rrYy","rr","Yy","Wrinkled Yellow","Wrinkled","Yellow","F2","Dihybrid","RrYy × RrYy"
"Plant_520","rrYy","rr","Yy","Wrinkled Yellow","Wrinkled","Yellow","F2","Dihybrid","RrYy × RrYy"
"Plant_521","RrYy","Rr","Yy","Round Yellow","Round","Yellow","F2","Dihybrid","RrYy × RrYy"
"Plant_522","RrYY","Rr","YY","Round Yellow","Round","Yellow","F2","Dihybrid","RrYy × RrYy"
"Plant_523","RrYy","Rr","Yy","Round Yellow","Round","Yellow","F2","Dihybrid","RrYy × RrYy"
"Plant_524","RRYY","RR","YY","Round Yellow","Round","Yellow","F2","Dihybrid","RrYy × RrYy"
"Plant_525","RrYy","Rr","Yy","Round Yellow","Round","Yellow","F2","Dihybrid","RrYy × RrYy"
"Plant_526","RrYy","Rr","Yy","Round Yellow","Round","Yellow","F2","Dihybrid","RrYy × RrYy"
"Plant_527","RRYy","RR","Yy","Round Yellow","Round","Yellow","F2","Dihybrid","RrYy × RrYy"
"Plant_528","rrYY","rr","YY","Wrinkled Yellow","Wrinkled","Yellow","F2","Dihybrid","RrYy × RrYy"
"Plant_529","RrYY","Rr","YY","Round Yellow","Round","Yellow","F2","Dihybrid","RrYy × RrYy"
"Plant_530","RRYy","RR","Yy","Round Yellow","Round","Yellow","F2","Dihybrid","RrYy × RrYy"
"Plant_531","RRYY","RR","YY","Round Yellow","Round","Yellow","F2","Dihybrid","RrYy × RrYy"
"Plant_532","rryy","rr","yy","Wrinkled Green","Wrinkled","Green","F2","Dihybrid","RrYy × RrYy"
"Plant_533","rrYy","rr","Yy","Wrinkled Yellow","Wrinkled","Yellow","F2","Dihybrid","RrYy × RrYy"
"Plant_534","RrYy","Rr","Yy","Round Yellow","Round","Yellow","F2","Dihybrid","RrYy × RrYy"
"Plant_535","RRYy","RR","Yy","Round Yellow","Round","Yellow","F2","Dihybrid","RrYy × RrYy"
"Plant_536","RrYy","Rr","Yy","Round Yellow","Round","Yellow","F2","Dihybrid","RrYy × RrYy"
"Plant_537","RrYY","Rr","YY","Round Yellow","Round","Yellow","F2","Dihybrid","RrYy × RrYy"
"Plant_538","RrYy","Rr","Yy","Round Yellow","Round","Yellow","F2","Dihybrid","RrYy × RrYy"
"Plant_539","RrYy","Rr","Yy","Round Yellow","Round","Yellow","F2","Dihybrid","RrYy × RrYy"
"Plant_540","RRyy","RR","yy","Round Green","Round","Green","F2","Dihybrid","RrYy × RrYy"
"Plant_541","RrYY","Rr","YY","Round Yellow","Round","Yellow","F2","Dihybrid","RrYy × RrYy"
"Plant_542","rryy","rr","yy","Wrinkled Green","Wrinkled","Green","F2","Dihybrid","RrYy × RrYy"
"Plant_543","rrYy","rr","Yy","Wrinkled Yellow","Wrinkled","Yellow","F2","Dihybrid","RrYy × RrYy"
"Plant_544","RRyy","RR","yy","Round Green","Round","Green","F2","Dihybrid","RrYy × RrYy"
"Plant_545","RRYY","RR","YY","Round Yellow","Round","Yellow","F2","Dihybrid","RrYy × RrYy"
"Plant_546","RRYY","RR","YY","Round Yellow","Round","Yellow","F2","Dihybrid","RrYy × RrYy"
"Plant_547","rrYy","rr","Yy","Wrinkled Yellow","Wrinkled","Yellow","F2","Dihybrid","RrYy × RrYy"
"Plant_548","RrYy","Rr","Yy","Round Yellow","Round","Yellow","F2","Dihybrid","RrYy × RrYy"
"Plant_549","RRYY","RR","YY","Round Yellow","Round","Yellow","F2","Dihybrid","RrYy × RrYy"
"Plant_550","RrYY","Rr","YY","Round Yellow","Round","Yellow","F2","Dihybrid","RrYy × RrYy"
"Plant_551","rryy","rr","yy","Wrinkled Green","Wrinkled","Green","F2","Dihybrid","RrYy × RrYy"
"Plant_552","RRYy","RR","Yy","Round Yellow","Round","Yellow","F2","Dihybrid","RrYy × RrYy"
"Plant_553","rryy","rr","yy","Wrinkled Green","Wrinkled","Green","F2","Dihybrid","RrYy × RrYy"
"Plant_554","RRYy","RR","Yy","Round Yellow","Round","Yellow","F2","Dihybrid","RrYy × RrYy"
"Plant_555","RrYy","Rr","Yy","Round Yellow","Round","Yellow","F2","Dihybrid","RrYy × RrYy"
"Plant_556","RrYy","Rr","Yy","Round Yellow","Round","Yellow","F2","Dihybrid","RrYy × RrYy"
